USERNAME,PASSWORD,UID,
Hanz_Mueller,Password123!,U148302
Simon_ply,PAssword123!,U454427
Test_user,Password123!,U639898
Test_User,Passwer123!,U171718
Test_dfsd,PAssword24!,U667385
Test.dfaf,Pass234!3,U880693
Sdfasdf.df,ASFSFsf132!,U698646
Test.Sdfs,PAsswer!3,U117627
Simon_Pauly,Spau!2123,U554473
SPauly_Test,Password123!,U952319
Elanus217,Password123!,U152515
Test_Simon,Password123!,U906267
LOgin_test,PAsswrodw23!,U765961
MyUser_yes,PAsdfsf1231!,U961969
NewUserFUcking_Name,SicherstesPass123!,U869093
Simon.Pauly,Password123!,U455620
Mama_Account,Password123!,U581925
Hacker_User,Test_PAssword123!#,U953936